Banco,Tipo,RandomForest_F1_Treino,RandomForest_F1_Teste
companhia_aerea_l_diverso_codificado_bootstrap_1.xlsx,L-Diverso,0.9867516904735177,0.8167471220667665
companhia_aerea_l_diverso_codificado_bootstrap_2.xlsx,L-Diverso,0.9869325657908574,0.8165757768349817
companhia_aerea_l_diverso_codificado_bootstrap_3.xlsx,L-Diverso,0.9886257818538887,0.826853564472437
companhia_aerea_l_diverso_codificado_bootstrap_4.xlsx,L-Diverso,0.9887679219828526,0.8261789776258212
companhia_aerea_l_diverso_codificado_bootstrap_5.xlsx,L-Diverso,0.9879794205669252,0.8212799977579316
companhia_aerea_l_diverso_codificado_bootstrap_6.xlsx,L-Diverso,0.9893237314888708,0.8301571201520156
companhia_aerea_l_diverso_codificado_bootstrap_7.xlsx,L-Diverso,0.9894529388705194,0.821980481112637
companhia_aerea_t_close_codificado_bootstrap_1.xlsx,T-Close,0.9766633184853235,0.8143369080734153
companhia_aerea_t_close_codificado_bootstrap_2.xlsx,T-Close,0.9745917543789664,0.8006171006148985
companhia_aerea_t_close_codificado_bootstrap_3.xlsx,T-Close,0.9763829348850741,0.8080696961985934
companhia_aerea_t_close_codificado_bootstrap_4.xlsx,T-Close,0.9786787899159497,0.8103352097555163
companhia_aerea_t_close_codificado_bootstrap_5.xlsx,T-Close,0.9754028542361046,0.80498817380525
companhia_aerea_t_close_codificado_bootstrap_6.xlsx,T-Close,0.9733874574970756,0.8156087121251627
companhia_aerea_t_close_codificado_bootstrap_7.xlsx,T-Close,0.9773636061717441,0.8176843073622113
customer_churn_telecom_services_bootstrap_1.xlsx,Original,0.9981160411884087,0.9009572753876463
customer_churn_telecom_services_bootstrap_2.xlsx,Original,0.9984702480803092,0.9021791911750547
customer_churn_telecom_services_bootstrap_3.xlsx,Original,0.9985420442975679,0.9048568858209407
customer_churn_telecom_services_bootstrap_4.xlsx,Original,0.9992176413914262,0.899676971425343
customer_churn_telecom_services_bootstrap_5.xlsx,Original,0.9986488502627726,0.9074601121229134
customer_churn_telecom_services_bootstrap_6.xlsx,Original,0.9989334103061115,0.9028003135621283
customer_churn_telecom_services_bootstrap_7.xlsx,Original,0.9988976372283925,0.9036533696910141
customer_churn_telecom_services_dp_bootstrap_1.xlsx,DP,1.0,0.8284860383080522
customer_churn_telecom_services_dp_bootstrap_2.xlsx,DP,1.0,0.8279096992559181
customer_churn_telecom_services_dp_bootstrap_3.xlsx,DP,1.0,0.8397371377821186
customer_churn_telecom_services_dp_bootstrap_4.xlsx,DP,1.0,0.8274464808816303
customer_churn_telecom_services_dp_bootstrap_5.xlsx,DP,1.0,0.8295765836462262
customer_churn_telecom_services_dp_bootstrap_6.xlsx,DP,1.0,0.8301568570228095
customer_churn_telecom_services_dp_bootstrap_7.xlsx,DP,1.0,0.8261761137309834
customer_churn_telecom_services_k_anonimizado_codificado_bootstrap_1.xlsx,K-Anonimizado,0.9847834784840058,0.8535772320036863
customer_churn_telecom_services_k_anonimizado_codificado_bootstrap_2.xlsx,K-Anonimizado,0.9884708823286713,0.8633509444654622
customer_churn_telecom_services_k_anonimizado_codificado_bootstrap_3.xlsx,K-Anonimizado,0.9868901175507284,0.8544653938877271
customer_churn_telecom_services_k_anonimizado_codificado_bootstrap_4.xlsx,K-Anonimizado,0.9823124249444162,0.8733785389164295
customer_churn_telecom_services_k_anonimizado_codificado_bootstrap_5.xlsx,K-Anonimizado,0.9846128168663277,0.8451641111150405
customer_churn_telecom_services_k_anonimizado_codificado_bootstrap_6.xlsx,K-Anonimizado,0.9819531722909633,0.8670534198375635
customer_churn_telecom_services_k_anonimizado_codificado_bootstrap_7.xlsx,K-Anonimizado,0.9850619051036091,0.8506352682467779
customer_churn_telecom_services_l_diverso_codificado_bootstrap_1.xlsx,L-Diverso,0.9843754202135123,0.8306651406581949
customer_churn_telecom_services_l_diverso_codificado_bootstrap_2.xlsx,L-Diverso,0.9853072464643926,0.8222804123779699
customer_churn_telecom_services_l_diverso_codificado_bootstrap_3.xlsx,L-Diverso,0.9857737681179544,0.8400294549180453
customer_churn_telecom_services_l_diverso_codificado_bootstrap_4.xlsx,L-Diverso,0.9878721586201216,0.8334346438968335
customer_churn_telecom_services_l_diverso_codificado_bootstrap_5.xlsx,L-Diverso,0.9813413963982007,0.8268996763402041
customer_churn_telecom_services_l_diverso_codificado_bootstrap_6.xlsx,L-Diverso,0.9863549836209093,0.8355717037635573
customer_churn_telecom_services_l_diverso_codificado_bootstrap_7.xlsx,L-Diverso,0.9839061496625977,0.8318745579850724
customer_churn_telecom_services_t_close_codificado_bootstrap_1.xlsx,T-Close,1.0,0.8973598718392493
customer_churn_telecom_services_t_close_codificado_bootstrap_2.xlsx,T-Close,1.0,0.8962892403110375
customer_churn_telecom_services_t_close_codificado_bootstrap_3.xlsx,T-Close,1.0,0.8995564407734371
customer_churn_telecom_services_t_close_codificado_bootstrap_4.xlsx,T-Close,1.0,0.8666024960066819
customer_churn_telecom_services_t_close_codificado_bootstrap_5.xlsx,T-Close,1.0,0.8791284436903372
customer_churn_telecom_services_t_close_codificado_bootstrap_6.xlsx,T-Close,1.0,0.884294900398366
customer_churn_telecom_services_t_close_codificado_bootstrap_7.xlsx,T-Close,1.0,0.9035790425980366
diabetes_bootstrap_1.xlsx,Original,1.0,0.9802094387413238
diabetes_bootstrap_2.xlsx,Original,1.0,0.9808992221807495
diabetes_bootstrap_3.xlsx,Original,1.0,0.9790092858864862
diabetes_bootstrap_4.xlsx,Original,1.0,0.9813702351918367
diabetes_bootstrap_5.xlsx,Original,1.0,0.9755139757949444
diabetes_bootstrap_6.xlsx,Original,1.0,0.9783621798360264
diabetes_bootstrap_7.xlsx,Original,1.0,0.9799300043352679
diabetes_data_bootstrap_1.xlsx,Original,1.0,0.8048349622594342
diabetes_data_bootstrap_2.xlsx,Original,1.0,0.8139358729549521
diabetes_data_bootstrap_3.xlsx,Original,1.0,0.8336235575025828
diabetes_data_bootstrap_4.xlsx,Original,1.0,0.8017164667769802
diabetes_data_bootstrap_5.xlsx,Original,1.0,0.8133189532872723
diabetes_data_bootstrap_6.xlsx,Original,1.0,0.8218052458890363
diabetes_data_bootstrap_7.xlsx,Original,1.0,0.8222507568975528
diabetes_data_dp_bootstrap_1.xlsx,DP,1.0,0.7871227543928602
diabetes_data_dp_bootstrap_2.xlsx,DP,1.0,0.7717206527604402
diabetes_data_dp_bootstrap_3.xlsx,DP,1.0,0.8057764138519715
diabetes_data_dp_bootstrap_4.xlsx,DP,1.0,0.7665249880866309
diabetes_data_dp_bootstrap_5.xlsx,DP,1.0,0.7827735909410689
diabetes_data_dp_bootstrap_6.xlsx,DP,1.0,0.7989888017719846
diabetes_data_dp_bootstrap_7.xlsx,DP,1.0,0.764919441981875
diabetes_data_k_anonimizado_codificado_bootstrap_1.xlsx,K-Anonimizado,0.9686592904788063,0.7030911859634076
diabetes_data_k_anonimizado_codificado_bootstrap_2.xlsx,K-Anonimizado,0.9581902531219099,0.7521681893837139
diabetes_data_k_anonimizado_codificado_bootstrap_3.xlsx,K-Anonimizado,0.9654160042013068,0.7321244910251778
diabetes_data_k_anonimizado_codificado_bootstrap_4.xlsx,K-Anonimizado,0.9740088071206852,0.7479454801394688
diabetes_data_k_anonimizado_codificado_bootstrap_5.xlsx,K-Anonimizado,0.9689083725503178,0.7505120416959081
diabetes_data_k_anonimizado_codificado_bootstrap_6.xlsx,K-Anonimizado,0.9697222552639383,0.7494520606273192
diabetes_data_k_anonimizado_codificado_bootstrap_7.xlsx,K-Anonimizado,0.9686279826420966,0.7196248404549983
diabetes_data_l_diverso_codificado_bootstrap_1.xlsx,L-Diverso,0.9730557685187753,0.7251438421412753
diabetes_data_l_diverso_codificado_bootstrap_2.xlsx,L-Diverso,0.9682005399827375,0.7450488981462621
diabetes_data_l_diverso_codificado_bootstrap_3.xlsx,L-Diverso,0.9773610893668753,0.7090746620773167
diabetes_data_l_diverso_codificado_bootstrap_4.xlsx,L-Diverso,0.9784491673133605,0.7657561634878558
diabetes_data_l_diverso_codificado_bootstrap_5.xlsx,L-Diverso,0.9725221384244331,0.7010215092733154
diabetes_data_l_diverso_codificado_bootstrap_6.xlsx,L-Diverso,0.9738651291259768,0.7585023361117195
diabetes_data_l_diverso_codificado_bootstrap_7.xlsx,L-Diverso,0.9773722772967581,0.7364628905535342
diabetes_data_t_close_codificado_bootstrap_1.xlsx,T-Close,0.9632606604361659,0.8210412661881392
diabetes_data_t_close_codificado_bootstrap_2.xlsx,T-Close,0.9564338077645843,0.8247760114135005
diabetes_data_t_close_codificado_bootstrap_3.xlsx,T-Close,0.9519912480890437,0.7933699032311312
diabetes_data_t_close_codificado_bootstrap_4.xlsx,T-Close,0.9484460007267185,0.7620868012120225
diabetes_data_t_close_codificado_bootstrap_5.xlsx,T-Close,0.9455480594005641,0.7881087481262409
diabetes_data_t_close_codificado_bootstrap_6.xlsx,T-Close,0.9481260965429927,0.7939601078349204
diabetes_data_t_close_codificado_bootstrap_7.xlsx,T-Close,0.9487218843137517,0.7539296119926339
diabetes_dp_bootstrap_1.xlsx,DP,1.0,0.8472097645306228
diabetes_dp_bootstrap_2.xlsx,DP,1.0,0.8507744739012338
diabetes_dp_bootstrap_3.xlsx,DP,1.0,0.8512588895041542
diabetes_dp_bootstrap_4.xlsx,DP,1.0,0.8459008256070935
diabetes_dp_bootstrap_5.xlsx,DP,1.0,0.8496615756337231
diabetes_dp_bootstrap_6.xlsx,DP,1.0,0.8566121017833721
diabetes_dp_bootstrap_7.xlsx,DP,1.0,0.8495228201774336
diabetes_k_anonimizado_codificado_bootstrap_1.xlsx,K-Anonimizado,0.9925567732449988,0.9039691562927592
diabetes_k_anonimizado_codificado_bootstrap_2.xlsx,K-Anonimizado,0.9913337083376851,0.9118757613200185
diabetes_k_anonimizado_codificado_bootstrap_3.xlsx,K-Anonimizado,0.9923821358780657,0.9016784698291016
diabetes_k_anonimizado_codificado_bootstrap_4.xlsx,K-Anonimizado,0.9934247176404354,0.8976822858921099
diabetes_k_anonimizado_codificado_bootstrap_5.xlsx,K-Anonimizado,0.9894443887338165,0.9059655959203561
diabetes_k_anonimizado_codificado_bootstrap_6.xlsx,K-Anonimizado,0.9939366548063286,0.9132268631249627
diabetes_k_anonimizado_codificado_bootstrap_7.xlsx,K-Anonimizado,0.9920267267924798,0.9078286925031132
diabetes_l_diverso_codificado_bootstrap_1.xlsx,L-Diverso,0.9883650366810268,0.8066948702880987
diabetes_l_diverso_codificado_bootstrap_2.xlsx,L-Diverso,0.9961217876211569,0.8591885304980531
diabetes_l_diverso_codificado_bootstrap_3.xlsx,L-Diverso,0.9892584324239969,0.8258707233873889
diabetes_l_diverso_codificado_bootstrap_4.xlsx,L-Diverso,0.9871715374993659,0.8376877518574437
diabetes_l_diverso_codificado_bootstrap_5.xlsx,L-Diverso,0.994034016199211,0.8737260487419005
diabetes_l_diverso_codificado_bootstrap_6.xlsx,L-Diverso,0.9850810772789854,0.8306623548951718
diabetes_l_diverso_codificado_bootstrap_7.xlsx,L-Diverso,0.9880655547176082,0.8343776902808651
diabetes_prediction_dataset_bootstrap_1.xlsx,Original,0.9996023211529138,0.9860627662994468
diabetes_prediction_dataset_bootstrap_2.xlsx,Original,0.9994921758775058,0.9857153468352747
diabetes_prediction_dataset_bootstrap_3.xlsx,Original,0.9995922826836463,0.98638536193546
diabetes_prediction_dataset_bootstrap_4.xlsx,Original,0.999539718873485,0.9859788871435746
diabetes_prediction_dataset_bootstrap_5.xlsx,Original,0.9996223173641517,0.9857729843085987
diabetes_prediction_dataset_bootstrap_6.xlsx,Original,0.9996123239248436,0.9862489257400645
diabetes_prediction_dataset_bootstrap_7.xlsx,Original,0.9994521221523408,0.9858850871414688
diabetes_prediction_dataset_dp_bootstrap_1.xlsx,DP,0.9999949999692035,0.8559139878772047
diabetes_prediction_dataset_dp_bootstrap_2.xlsx,DP,0.9999974999844922,0.8543000853198814
diabetes_prediction_dataset_dp_bootstrap_3.xlsx,DP,0.9999974999841619,0.8563027289686778
diabetes_prediction_dataset_dp_bootstrap_4.xlsx,DP,0.9999924999219125,0.8566882540595759
diabetes_prediction_dataset_dp_bootstrap_5.xlsx,DP,0.9999974999841281,0.8537861801080162
diabetes_prediction_dataset_dp_bootstrap_6.xlsx,DP,0.999994999968344,0.8562491433168941
diabetes_prediction_dataset_dp_bootstrap_7.xlsx,DP,0.9999949999687245,0.8564693295917299
diabetes_prediction_dataset_k_anonimizado_codificado_bootstrap_1.xlsx,K-Anonimizado,0.9952117312461098,0.9554296018960622
diabetes_prediction_dataset_k_anonimizado_codificado_bootstrap_2.xlsx,K-Anonimizado,0.9945519384874848,0.9514988240104518
diabetes_prediction_dataset_k_anonimizado_codificado_bootstrap_3.xlsx,K-Anonimizado,0.9947327631878263,0.9532724260746335
diabetes_prediction_dataset_k_anonimizado_codificado_bootstrap_4.xlsx,K-Anonimizado,0.9947738002379195,0.9529762858177169
diabetes_prediction_dataset_k_anonimizado_codificado_bootstrap_5.xlsx,K-Anonimizado,0.9938270909872401,0.9492241768845598
diabetes_prediction_dataset_k_anonimizado_codificado_bootstrap_6.xlsx,K-Anonimizado,0.9946041184872548,0.9520000495031594
diabetes_prediction_dataset_k_anonimizado_codificado_bootstrap_7.xlsx,K-Anonimizado,0.9948806710235054,0.954178915867819
diabetes_prediction_dataset_l_diverso_codificado_bootstrap_1.xlsx,L-Diverso,0.9867012281486192,0.8829457187670453
diabetes_prediction_dataset_l_diverso_codificado_bootstrap_2.xlsx,L-Diverso,0.9882642874596597,0.8846249593050428
diabetes_prediction_dataset_l_diverso_codificado_bootstrap_3.xlsx,L-Diverso,0.9868083092847473,0.8797532035858662
diabetes_prediction_dataset_l_diverso_codificado_bootstrap_4.xlsx,L-Diverso,0.9875365156871052,0.8797648811640528
diabetes_prediction_dataset_l_diverso_codificado_bootstrap_5.xlsx,L-Diverso,0.9895279329413278,0.8862303109184259
diabetes_prediction_dataset_l_diverso_codificado_bootstrap_6.xlsx,L-Diverso,0.9878574921654618,0.8835611512567862
diabetes_prediction_dataset_l_diverso_codificado_bootstrap_7.xlsx,L-Diverso,0.9886928020457532,0.8784156137236234
diabetes_prediction_dataset_t_close_codificado_bootstrap_1.xlsx,T-Close,0.9999888716799006,0.9895858282048392
diabetes_prediction_dataset_t_close_codificado_bootstrap_2.xlsx,T-Close,1.0,0.9881754246276365
diabetes_prediction_dataset_t_close_codificado_bootstrap_3.xlsx,T-Close,1.0,0.9895392480047918
diabetes_prediction_dataset_t_close_codificado_bootstrap_4.xlsx,T-Close,0.9999888716417047,0.9908163785340646
diabetes_prediction_dataset_t_close_codificado_bootstrap_5.xlsx,T-Close,0.9999777432289363,0.9887629738395081
diabetes_prediction_dataset_t_close_codificado_bootstrap_6.xlsx,T-Close,0.9999888721982151,0.989070348180084
diabetes_prediction_dataset_t_close_codificado_bootstrap_7.xlsx,T-Close,0.9999666156391276,0.9882921452169438
diabetes_t_close_codificado_bootstrap_1.xlsx,T-Close,0.9248854641747973,0.7263275514703399
diabetes_t_close_codificado_bootstrap_2.xlsx,T-Close,0.918153546351258,0.7058947937007302
diabetes_t_close_codificado_bootstrap_3.xlsx,T-Close,0.9208694667573057,0.7385078999309987
diabetes_t_close_codificado_bootstrap_4.xlsx,T-Close,0.9142365459813465,0.7298099683988526
diabetes_t_close_codificado_bootstrap_5.xlsx,T-Close,0.928236461335269,0.7228080307471976
diabetes_t_close_codificado_bootstrap_6.xlsx,T-Close,0.9226400333502844,0.761427006137698
diabetes_t_close_codificado_bootstrap_7.xlsx,T-Close,0.9478285702607783,0.7628309233224686
drug200_bootstrap_1.xlsx,Original,1.0,0.9650614365528426
drug200_bootstrap_2.xlsx,Original,1.0,0.9849904280624644
drug200_bootstrap_3.xlsx,Original,1.0,0.9596684413559691
drug200_bootstrap_4.xlsx,Original,1.0,0.9850344906893256
drug200_bootstrap_5.xlsx,Original,1.0,0.9700952477906565
drug200_bootstrap_6.xlsx,Original,1.0,0.9551043951508676
drug200_bootstrap_7.xlsx,Original,1.0,0.974640251744981
drug200_dp_bootstrap_1.xlsx,DP,1.0,0.8140368898962855
drug200_dp_bootstrap_2.xlsx,DP,1.0,0.8292173329924187
drug200_dp_bootstrap_3.xlsx,DP,1.0,0.8451812021411165
drug200_dp_bootstrap_4.xlsx,DP,1.0,0.8349593495934959
drug200_dp_bootstrap_5.xlsx,DP,1.0,0.8182909399089245
drug200_dp_bootstrap_6.xlsx,DP,1.0,0.8051680400190492
drug200_dp_bootstrap_7.xlsx,DP,1.0,0.8050282366328579
drug200_k_anonimizado_codificado_bootstrap_1.xlsx,K-Anonimizado,0.9898529168588375,0.7439249203955086
drug200_k_anonimizado_codificado_bootstrap_2.xlsx,K-Anonimizado,1.0,0.8098726614516087
drug200_k_anonimizado_codificado_bootstrap_3.xlsx,K-Anonimizado,0.9898443079480304,0.799287031051737
drug200_k_anonimizado_codificado_bootstrap_4.xlsx,K-Anonimizado,0.9662684247584268,0.6372295242883478
drug200_k_anonimizado_codificado_bootstrap_5.xlsx,K-Anonimizado,0.9864127669333922,0.890997150997151
drug200_k_anonimizado_codificado_bootstrap_6.xlsx,K-Anonimizado,1.0,0.8629539969834086
drug200_k_anonimizado_codificado_bootstrap_7.xlsx,K-Anonimizado,1.0,0.808608646255705
drug200_l_diverso_codificado_bootstrap_1.xlsx,L-Diverso,0.9357399018149858,0.7211621808143548
drug200_l_diverso_codificado_bootstrap_2.xlsx,L-Diverso,0.9627929222905613,0.6880362522467787
drug200_l_diverso_codificado_bootstrap_3.xlsx,L-Diverso,0.9763021013369148,0.7769213643328599
drug200_l_diverso_codificado_bootstrap_4.xlsx,L-Diverso,0.9425866568860327,0.6047179487179487
drug200_l_diverso_codificado_bootstrap_5.xlsx,L-Diverso,0.9524087232899004,0.6824708994708995
drug200_l_diverso_codificado_bootstrap_6.xlsx,L-Diverso,0.9628818563779147,0.6728078526220942
drug200_l_diverso_codificado_bootstrap_7.xlsx,L-Diverso,0.9662048994521465,0.7138369061279278
drug200_t_close_codificado_bootstrap_1.xlsx,T-Close,1.0,0.6719047619047619
drug200_t_close_codificado_bootstrap_2.xlsx,T-Close,1.0,0.7079629629629629
drug200_t_close_codificado_bootstrap_3.xlsx,T-Close,1.0,0.8304761904761904
drug200_t_close_codificado_bootstrap_4.xlsx,T-Close,1.0,0.6373809523809524
drug200_t_close_codificado_bootstrap_5.xlsx,T-Close,0.9639751552795032,0.7847619047619048
drug200_t_close_codificado_bootstrap_6.xlsx,T-Close,1.0,0.605
drug200_t_close_codificado_bootstrap_7.xlsx,T-Close,0.9638267616043434,0.5940476190476189
employeePromotion_bootstrap_1.xlsx,Original,0.9980849003549164,0.9661591947003195
employeePromotion_bootstrap_2.xlsx,Original,0.9982553234077667,0.9664180444533411
employeePromotion_bootstrap_3.xlsx,Original,0.9981404364559614,0.9639621663813427
employeePromotion_bootstrap_4.xlsx,Original,0.9983649427650716,0.96584710533553
employeePromotion_bootstrap_5.xlsx,Original,0.9980856754765037,0.9662246171422616
employeePromotion_bootstrap_6.xlsx,Original,0.9979725574563204,0.9655017140151705
employeePromotion_bootstrap_7.xlsx,Original,0.9982138809160984,0.9658070292315759
employeePromotion_dp_bootstrap_1.xlsx,DP,1.0,0.8535578592682969
employeePromotion_dp_bootstrap_2.xlsx,DP,1.0,0.8511579709415178
employeePromotion_dp_bootstrap_3.xlsx,DP,1.0,0.8538777700430484
employeePromotion_dp_bootstrap_4.xlsx,DP,1.0,0.8514341233886684
employeePromotion_dp_bootstrap_5.xlsx,DP,1.0,0.8527677696073838
employeePromotion_dp_bootstrap_6.xlsx,DP,1.0,0.8516979095320962
employeePromotion_dp_bootstrap_7.xlsx,DP,1.0,0.8535004726784393
employeePromotion_k_anonimizado_codificado_bootstrap_1.xlsx,K-Anonimizado,0.9936572233608167,0.9585454860497775
employeePromotion_k_anonimizado_codificado_bootstrap_2.xlsx,K-Anonimizado,0.9940396742560369,0.9557556156464967
employeePromotion_k_anonimizado_codificado_bootstrap_3.xlsx,K-Anonimizado,0.9941634885553075,0.9568406709312555
employeePromotion_k_anonimizado_codificado_bootstrap_4.xlsx,K-Anonimizado,0.9950034821633953,0.958941843883944
employeePromotion_k_anonimizado_codificado_bootstrap_5.xlsx,K-Anonimizado,0.9923911478417071,0.9572536721613553
employeePromotion_k_anonimizado_codificado_bootstrap_6.xlsx,K-Anonimizado,0.9943244867233165,0.9576466603636927
employeePromotion_k_anonimizado_codificado_bootstrap_7.xlsx,K-Anonimizado,0.9939672278481051,0.958494449935864
employeePromotion_l_diverso_codificado_bootstrap_1.xlsx,L-Diverso,0.9924231144401569,0.9333367316821637
employeePromotion_l_diverso_codificado_bootstrap_2.xlsx,L-Diverso,0.9946859335961188,0.9395131284921036
employeePromotion_l_diverso_codificado_bootstrap_3.xlsx,L-Diverso,0.9926289507813042,0.9318279194385795
employeePromotion_l_diverso_codificado_bootstrap_4.xlsx,L-Diverso,0.9942059355881812,0.9308733930724127
employeePromotion_l_diverso_codificado_bootstrap_5.xlsx,L-Diverso,0.9931775874481463,0.93182826605328
employeePromotion_l_diverso_codificado_bootstrap_6.xlsx,L-Diverso,0.9935888102006413,0.9352608442959065
employeePromotion_l_diverso_codificado_bootstrap_7.xlsx,L-Diverso,0.9948573906444087,0.9375935827900198
employeePromotion_t_close_codificado_bootstrap_1.xlsx,T-Close,0.9999824775046996,0.9813690181972545
employeePromotion_t_close_codificado_bootstrap_2.xlsx,T-Close,1.0,0.9815815577591434
employeePromotion_t_close_codificado_bootstrap_3.xlsx,T-Close,1.0,0.9818718371503719
employeePromotion_t_close_codificado_bootstrap_4.xlsx,T-Close,1.0,0.9800387628856617
employeePromotion_t_close_codificado_bootstrap_5.xlsx,T-Close,0.9999824775461885,0.9822957140831645
employeePromotion_t_close_codificado_bootstrap_6.xlsx,T-Close,0.999982477618975,0.9804457507234409
employeePromotion_t_close_codificado_bootstrap_7.xlsx,T-Close,1.0,0.9835444110609484
Employee_bootstrap_1.xlsx,Original,0.8635932620925789,0.8058255413632673
Employee_bootstrap_2.xlsx,Original,0.8598053031004079,0.7884568922484673
Employee_bootstrap_3.xlsx,Original,0.8671166558038118,0.8009975207002513
Employee_bootstrap_4.xlsx,Original,0.859672139360154,0.7900557563456925
Employee_bootstrap_5.xlsx,Original,0.8650239751557789,0.7969087567717361
Employee_bootstrap_6.xlsx,Original,0.8653770065204862,0.802078989562926
Employee_bootstrap_7.xlsx,Original,0.8611379647885611,0.7999819167753998
Employee_dp_bootstrap_1.xlsx,DP,1.0,0.7889192135452794
Employee_dp_bootstrap_2.xlsx,DP,1.0,0.7857887375062333
Employee_dp_bootstrap_3.xlsx,DP,0.9999462773173551,0.7759175329467319
Employee_dp_bootstrap_4.xlsx,DP,1.0,0.7840682295760868
Employee_dp_bootstrap_5.xlsx,DP,1.0,0.7781549391276024
Employee_dp_bootstrap_6.xlsx,DP,1.0,0.7729038697262987
Employee_dp_bootstrap_7.xlsx,DP,0.9999462771725149,0.7912464149902141
Employee_k_anonimizado_codificado_bootstrap_1.xlsx,K-Anonimizado,0.9764703201847901,0.7670588558481615
Employee_k_anonimizado_codificado_bootstrap_2.xlsx,K-Anonimizado,0.9836135210187678,0.8020640230431539
Employee_k_anonimizado_codificado_bootstrap_3.xlsx,K-Anonimizado,0.9777924805173906,0.8129902884667347
Employee_k_anonimizado_codificado_bootstrap_4.xlsx,K-Anonimizado,0.9825576332367414,0.8180953011599638
Employee_k_anonimizado_codificado_bootstrap_5.xlsx,K-Anonimizado,0.989163675645047,0.8198057300485642
Employee_k_anonimizado_codificado_bootstrap_6.xlsx,K-Anonimizado,0.9785950982371802,0.7567976177489509
Employee_k_anonimizado_codificado_bootstrap_7.xlsx,K-Anonimizado,0.9788578735888036,0.7735744741927351
Employee_l_diverso_codificado_bootstrap_1.xlsx,L-Diverso,0.9829207512702937,0.7560691788901842
Employee_l_diverso_codificado_bootstrap_2.xlsx,L-Diverso,0.9813114822881609,0.7718756998967076
Employee_l_diverso_codificado_bootstrap_3.xlsx,L-Diverso,0.973585880085978,0.7453047415000509
Employee_l_diverso_codificado_bootstrap_4.xlsx,L-Diverso,0.976479100189896,0.7508841727540705
Employee_l_diverso_codificado_bootstrap_5.xlsx,L-Diverso,0.9813147168470128,0.7341268580396483
Employee_l_diverso_codificado_bootstrap_6.xlsx,L-Diverso,0.9877607232329376,0.772649409317929
Employee_l_diverso_codificado_bootstrap_7.xlsx,L-Diverso,0.9816318680983238,0.750536738959996
Employee_t_close_codificado_bootstrap_1.xlsx,T-Close,0.9697962388875834,0.7866937261967444
Employee_t_close_codificado_bootstrap_2.xlsx,T-Close,0.9866447994353538,0.7498409969223906
Employee_t_close_codificado_bootstrap_3.xlsx,T-Close,0.9733083989290308,0.7414049236970259
Employee_t_close_codificado_bootstrap_4.xlsx,T-Close,0.9789340963990284,0.743731976699366
Employee_t_close_codificado_bootstrap_5.xlsx,T-Close,0.9782287533695723,0.7393031214063669
Employee_t_close_codificado_bootstrap_6.xlsx,T-Close,0.9655554608328523,0.7667830065315431
Employee_t_close_codificado_bootstrap_7.xlsx,T-Close,0.9817182688416567,0.6931865134939242
fictional_character_battles_complex_bootstrap_1.xlsx,Original,0.9992551599354463,0.8994570729026666
fictional_character_battles_complex_bootstrap_2.xlsx,Original,0.99755302828383,0.8825564281501604
fictional_character_battles_complex_bootstrap_3.xlsx,Original,0.9980860727739278,0.8893601900656354
fictional_character_battles_complex_bootstrap_4.xlsx,Original,0.9978727335406795,0.8951080243017306
fictional_character_battles_complex_bootstrap_5.xlsx,Original,0.998830459398137,0.8913711058134272
fictional_character_battles_complex_bootstrap_6.xlsx,Original,0.9989363271107029,0.8976445218651042
fictional_character_battles_complex_bootstrap_7.xlsx,Original,0.9984043972049885,0.8922553843812956
fictional_character_battles_complex_dp_bootstrap_1.xlsx,DP,0.9958510357552803,0.7909268411966853
fictional_character_battles_complex_dp_bootstrap_2.xlsx,DP,0.9944696794350858,0.7933131761029817
fictional_character_battles_complex_dp_bootstrap_3.xlsx,DP,0.994042253444729,0.7815252145759939
fictional_character_battles_complex_dp_bootstrap_4.xlsx,DP,0.9934009375084735,0.8114570469944231
fictional_character_battles_complex_dp_bootstrap_5.xlsx,DP,0.9920209244011737,0.8095470709934034
fictional_character_battles_complex_dp_bootstrap_6.xlsx,DP,0.9962775103277345,0.7958935950749937
fictional_character_battles_complex_dp_bootstrap_7.xlsx,DP,0.9937241327972612,0.7915730632946194
fictional_character_battles_complex_k_anonimizado_codificado_bootstrap_1.xlsx,K-Anonimizado,0.9857055303523824,0.7832374352692343
fictional_character_battles_complex_k_anonimizado_codificado_bootstrap_2.xlsx,K-Anonimizado,0.974069721079158,0.7907460725876239
fictional_character_battles_complex_k_anonimizado_codificado_bootstrap_3.xlsx,K-Anonimizado,0.9827704673466953,0.8277543619508012
fictional_character_battles_complex_k_anonimizado_codificado_bootstrap_4.xlsx,K-Anonimizado,0.9844741707083843,0.8196339141883972
fictional_character_battles_complex_k_anonimizado_codificado_bootstrap_5.xlsx,K-Anonimizado,0.9847155582182807,0.8081216263989482
fictional_character_battles_complex_k_anonimizado_codificado_bootstrap_6.xlsx,K-Anonimizado,0.9827765964266992,0.8126112035972876
fictional_character_battles_complex_k_anonimizado_codificado_bootstrap_7.xlsx,K-Anonimizado,0.9818268577048428,0.8382520933521554
fictional_character_battles_complex_l_diverso_codificado_bootstrap_1.xlsx,L-Diverso,0.9910916852196244,0.8218480010979026
fictional_character_battles_complex_l_diverso_codificado_bootstrap_2.xlsx,L-Diverso,0.983801484854863,0.8443003470238635
fictional_character_battles_complex_l_diverso_codificado_bootstrap_3.xlsx,L-Diverso,0.9851518278366983,0.8393280148414416
fictional_character_battles_complex_l_diverso_codificado_bootstrap_4.xlsx,L-Diverso,0.9856910525122,0.8391185185614682
fictional_character_battles_complex_l_diverso_codificado_bootstrap_5.xlsx,L-Diverso,0.9802910326863534,0.8357616184723803
fictional_character_battles_complex_l_diverso_codificado_bootstrap_6.xlsx,L-Diverso,0.9881213825626116,0.842260598452414
fictional_character_battles_complex_l_diverso_codificado_bootstrap_7.xlsx,L-Diverso,0.9773180704855555,0.8400769742629148
fictional_character_battles_complex_t_close_codificado_bootstrap_1.xlsx,T-Close,1.0,0.8894265748714082
fictional_character_battles_complex_t_close_codificado_bootstrap_2.xlsx,T-Close,1.0,0.8742035420132102
fictional_character_battles_complex_t_close_codificado_bootstrap_3.xlsx,T-Close,1.0,0.8684951309647466
fictional_character_battles_complex_t_close_codificado_bootstrap_4.xlsx,T-Close,1.0,0.8632760862057601
fictional_character_battles_complex_t_close_codificado_bootstrap_5.xlsx,T-Close,1.0,0.8952989334039634
fictional_character_battles_complex_t_close_codificado_bootstrap_6.xlsx,T-Close,1.0,0.8879839959221499
fictional_character_battles_complex_t_close_codificado_bootstrap_7.xlsx,T-Close,1.0,0.9031612268922851
german_credit_data_bootstrap_1.xlsx,Original,1.0,0.8996775175493645
german_credit_data_bootstrap_2.xlsx,Original,1.0,0.8682060306549951
german_credit_data_bootstrap_3.xlsx,Original,1.0,0.8944594128515211
german_credit_data_bootstrap_4.xlsx,Original,1.0,0.8752910775210718
german_credit_data_bootstrap_5.xlsx,Original,1.0,0.8869395660076709
german_credit_data_bootstrap_6.xlsx,Original,1.0,0.8668985248585276
german_credit_data_bootstrap_7.xlsx,Original,1.0,0.8613079200339232
german_credit_data_dp_bootstrap_1.xlsx,DP,1.0,0.8128743929947797
german_credit_data_dp_bootstrap_2.xlsx,DP,1.0,0.7941024204357338
german_credit_data_dp_bootstrap_3.xlsx,DP,1.0,0.8296564029503235
german_credit_data_dp_bootstrap_4.xlsx,DP,1.0,0.7973144874578643
german_credit_data_dp_bootstrap_5.xlsx,DP,1.0,0.8087023694656981
german_credit_data_dp_bootstrap_6.xlsx,DP,1.0,0.8008908176593839
german_credit_data_dp_bootstrap_7.xlsx,DP,1.0,0.7895839435016446
german_credit_data_k_anonimizado_codificado_bootstrap_1.xlsx,K-Anonimizado,0.9735087508699767,0.7800598187688694
german_credit_data_k_anonimizado_codificado_bootstrap_2.xlsx,K-Anonimizado,0.9775493408612851,0.7533588214135962
german_credit_data_k_anonimizado_codificado_bootstrap_3.xlsx,K-Anonimizado,0.9856226431428923,0.7969659492655199
german_credit_data_k_anonimizado_codificado_bootstrap_4.xlsx,K-Anonimizado,0.9884860859668001,0.7917116861477675
german_credit_data_k_anonimizado_codificado_bootstrap_5.xlsx,K-Anonimizado,0.9821567623451554,0.7978007427938227
german_credit_data_k_anonimizado_codificado_bootstrap_6.xlsx,K-Anonimizado,0.9838447364133103,0.7892232540180337
german_credit_data_k_anonimizado_codificado_bootstrap_7.xlsx,K-Anonimizado,0.9821004572782801,0.7914344736981709
german_credit_data_l_diverso_codificado_bootstrap_1.xlsx,L-Diverso,0.9794866607159808,0.776692239413997
german_credit_data_l_diverso_codificado_bootstrap_2.xlsx,L-Diverso,0.9897430754862452,0.7969560783880946
german_credit_data_l_diverso_codificado_bootstrap_3.xlsx,L-Diverso,0.9833293848169287,0.7818331716777376
german_credit_data_l_diverso_codificado_bootstrap_4.xlsx,L-Diverso,0.9858906938411411,0.8066238158031478
german_credit_data_l_diverso_codificado_bootstrap_5.xlsx,L-Diverso,0.9878179172257479,0.8138813034210234
german_credit_data_l_diverso_codificado_bootstrap_6.xlsx,L-Diverso,0.9897447628488006,0.7848695090533864
german_credit_data_l_diverso_codificado_bootstrap_7.xlsx,L-Diverso,0.9833339931160916,0.8230938396913194
german_credit_data_t_close_codificado_bootstrap_1.xlsx,T-Close,0.9620375555125131,0.8561271874200568
german_credit_data_t_close_codificado_bootstrap_2.xlsx,T-Close,0.9366410105479469,0.8270125279609438
german_credit_data_t_close_codificado_bootstrap_3.xlsx,T-Close,0.9531078769544878,0.8055760689103432
german_credit_data_t_close_codificado_bootstrap_4.xlsx,T-Close,0.9479196126672494,0.7970859246833507
german_credit_data_t_close_codificado_bootstrap_5.xlsx,T-Close,0.9657645860134554,0.8309219952399799
german_credit_data_t_close_codificado_bootstrap_6.xlsx,T-Close,0.9412302830856385,0.8129993988101736
german_credit_data_t_close_codificado_bootstrap_7.xlsx,T-Close,0.953119776438107,0.8511478852996639
Heart_Attack_Data_Set_bootstrap_1.xlsx,Original,1.0,0.9108690724517633
Heart_Attack_Data_Set_bootstrap_2.xlsx,Original,1.0,0.9231121929982139
Heart_Attack_Data_Set_bootstrap_3.xlsx,Original,1.0,0.887645871773401
Heart_Attack_Data_Set_bootstrap_4.xlsx,Original,1.0,0.904302562300931
Heart_Attack_Data_Set_bootstrap_5.xlsx,Original,1.0,0.9070200865483153
Heart_Attack_Data_Set_bootstrap_6.xlsx,Original,1.0,0.9472990709861223
Heart_Attack_Data_Set_bootstrap_7.xlsx,Original,1.0,0.933729326624975
Heart_Attack_Data_Set_dp_bootstrap_1.xlsx,DP,1.0,0.8315366813773712
Heart_Attack_Data_Set_dp_bootstrap_2.xlsx,DP,1.0,0.8717777335703463
Heart_Attack_Data_Set_dp_bootstrap_3.xlsx,DP,1.0,0.8576874228023497
Heart_Attack_Data_Set_dp_bootstrap_4.xlsx,DP,1.0,0.8453401641591285
Heart_Attack_Data_Set_dp_bootstrap_5.xlsx,DP,1.0,0.8049987743663761
Heart_Attack_Data_Set_dp_bootstrap_6.xlsx,DP,1.0,0.8101442371920429
Heart_Attack_Data_Set_dp_bootstrap_7.xlsx,DP,1.0,0.8288709528636111
Heart_Attack_Data_Set_k_anonimizado_codificado_bootstrap_1.xlsx,K-Anonimizado,0.9919120156517913,0.8170324447611211
Heart_Attack_Data_Set_k_anonimizado_codificado_bootstrap_2.xlsx,K-Anonimizado,1.0,0.7564936103376882
Heart_Attack_Data_Set_k_anonimizado_codificado_bootstrap_3.xlsx,K-Anonimizado,0.9838715677149384,0.7589450343471352
Heart_Attack_Data_Set_k_anonimizado_codificado_bootstrap_4.xlsx,K-Anonimizado,0.9919408031783584,0.7188794948098929
Heart_Attack_Data_Set_k_anonimizado_codificado_bootstrap_5.xlsx,K-Anonimizado,0.9919429793941449,0.7250712093182858
Heart_Attack_Data_Set_k_anonimizado_codificado_bootstrap_6.xlsx,K-Anonimizado,0.9859087791237892,0.7171691175169437
Heart_Attack_Data_Set_k_anonimizado_codificado_bootstrap_7.xlsx,K-Anonimizado,1.0,0.7808657671164417
Heart_Attack_Data_Set_l_diverso_codificado_bootstrap_1.xlsx,L-Diverso,0.9700855643616577,0.6144362529380701
Heart_Attack_Data_Set_l_diverso_codificado_bootstrap_2.xlsx,L-Diverso,0.9782627304949649,0.6800001581180071
Heart_Attack_Data_Set_l_diverso_codificado_bootstrap_3.xlsx,L-Diverso,0.9781946316877823,0.5424132225989811
Heart_Attack_Data_Set_l_diverso_codificado_bootstrap_4.xlsx,L-Diverso,0.9591908176213935,0.682407980736154
Heart_Attack_Data_Set_l_diverso_codificado_bootstrap_5.xlsx,L-Diverso,0.9918619364346316,0.726802346776031
Heart_Attack_Data_Set_l_diverso_codificado_bootstrap_6.xlsx,L-Diverso,0.9673530189048384,0.5701185726300142
Heart_Attack_Data_Set_l_diverso_codificado_bootstrap_7.xlsx,L-Diverso,0.9891160943310311,0.606938424492604
Heart_Attack_Data_Set_t_close_codificado_bootstrap_1.xlsx,T-Close,0.984192167452758,0.6280963480963482
Heart_Attack_Data_Set_t_close_codificado_bootstrap_2.xlsx,T-Close,0.9634722491224039,0.6593746993746993
Heart_Attack_Data_Set_t_close_codificado_bootstrap_3.xlsx,T-Close,0.9636401500284307,0.5854834054834054
Heart_Attack_Data_Set_t_close_codificado_bootstrap_4.xlsx,T-Close,1.0,0.6514907314907316
Heart_Attack_Data_Set_t_close_codificado_bootstrap_5.xlsx,T-Close,0.9426781217172893,0.421048581048581
Heart_Attack_Data_Set_t_close_codificado_bootstrap_6.xlsx,T-Close,0.9790779173113846,0.7492640692640693
Heart_Attack_Data_Set_t_close_codificado_bootstrap_7.xlsx,T-Close,0.9479847023020025,0.5923348873348873
loan_data_bootstrap_1.xlsx,Original,0.9134333427471558,0.8603893544605384
loan_data_bootstrap_2.xlsx,Original,0.8874683990399508,0.7889325738764688
loan_data_bootstrap_3.xlsx,Original,0.881614707824127,0.8204399910241709
loan_data_bootstrap_4.xlsx,Original,0.8908255827249884,0.8514194707880585
loan_data_bootstrap_5.xlsx,Original,0.9186027202351509,0.8798928411274819
loan_data_bootstrap_6.xlsx,Original,0.8992470508798401,0.8592379904075094
loan_data_bootstrap_7.xlsx,Original,0.8899804445792416,0.832064930664256
loan_data_dp_bootstrap_1.xlsx,DP,0.9444753180849418,0.7926071799078482
loan_data_dp_bootstrap_2.xlsx,DP,0.9415306313906656,0.7435345644885316
loan_data_dp_bootstrap_3.xlsx,DP,0.9307635782703005,0.7128592731697064
loan_data_dp_bootstrap_4.xlsx,DP,0.9464789900640025,0.7449997587758904
loan_data_dp_bootstrap_5.xlsx,DP,0.9289725980400994,0.7710563411142299
loan_data_dp_bootstrap_6.xlsx,DP,0.955284149911891,0.7956667849547326
loan_data_dp_bootstrap_7.xlsx,DP,0.951284712283608,0.7641597841759984
loan_data_k_anonimizado_codificado_bootstrap_1.xlsx,K-Anonimizado,1.0,0.8725531337141245
loan_data_k_anonimizado_codificado_bootstrap_2.xlsx,K-Anonimizado,1.0,0.743842627960275
loan_data_k_anonimizado_codificado_bootstrap_3.xlsx,K-Anonimizado,1.0,0.8288003307770436
loan_data_k_anonimizado_codificado_bootstrap_4.xlsx,K-Anonimizado,1.0,0.7947841700782876
loan_data_k_anonimizado_codificado_bootstrap_5.xlsx,K-Anonimizado,1.0,0.784260815437286
loan_data_k_anonimizado_codificado_bootstrap_6.xlsx,K-Anonimizado,1.0,0.7061686896981015
loan_data_k_anonimizado_codificado_bootstrap_7.xlsx,K-Anonimizado,1.0,0.7992518037518038
loan_data_l_diverso_codificado_bootstrap_1.xlsx,L-Diverso,0.9901103101986388,0.8030781499202553
loan_data_l_diverso_codificado_bootstrap_2.xlsx,L-Diverso,0.9868207805887457,0.6986913550845439
loan_data_l_diverso_codificado_bootstrap_3.xlsx,L-Diverso,0.9671359978356368,0.8117709323127279
loan_data_l_diverso_codificado_bootstrap_4.xlsx,L-Diverso,0.9868348058396869,0.7458139028727264
loan_data_l_diverso_codificado_bootstrap_5.xlsx,L-Diverso,0.9735978702988428,0.8173335488041371
loan_data_l_diverso_codificado_bootstrap_6.xlsx,L-Diverso,1.0,0.6959427940629986
loan_data_l_diverso_codificado_bootstrap_7.xlsx,L-Diverso,0.9901228881919424,0.7748984452080427
loan_data_t_close_codificado_bootstrap_1.xlsx,T-Close,1.0,0.6807792207792207
loan_data_t_close_codificado_bootstrap_2.xlsx,T-Close,1.0,0.7861375661375661
loan_data_t_close_codificado_bootstrap_3.xlsx,T-Close,1.0,0.7066433566433566
loan_data_t_close_codificado_bootstrap_4.xlsx,T-Close,1.0,0.6374755962991258
loan_data_t_close_codificado_bootstrap_5.xlsx,T-Close,1.0,0.8209168609168611
loan_data_t_close_codificado_bootstrap_6.xlsx,T-Close,1.0,0.8206264323911384
loan_data_t_close_codificado_bootstrap_7.xlsx,T-Close,1.0,0.728914418914419
marketing_campaign_bootstrap_1.xlsx,Original,0.9956027149543336,0.9444757336856693
marketing_campaign_bootstrap_2.xlsx,Original,0.9974065446449794,0.9413907616058376
marketing_campaign_bootstrap_3.xlsx,Original,0.9952530413130127,0.9379531513253451
marketing_campaign_bootstrap_4.xlsx,Original,0.9970649313248948,0.938012722700931
marketing_campaign_bootstrap_5.xlsx,Original,0.9973993462056747,0.9414091240821438
marketing_campaign_bootstrap_6.xlsx,Original,0.997063118166319,0.945938717994995
marketing_campaign_bootstrap_7.xlsx,Original,0.9969462514571633,0.9445509704268409
marketing_campaign_dp_bootstrap_1.xlsx,DP,1.0,0.8447695265710775
marketing_campaign_dp_bootstrap_2.xlsx,DP,1.0,0.8565620112256372
marketing_campaign_dp_bootstrap_3.xlsx,DP,1.0,0.8327113272642871
marketing_campaign_dp_bootstrap_4.xlsx,DP,1.0,0.8550890444795722
marketing_campaign_dp_bootstrap_5.xlsx,DP,1.0,0.8444475653467869
marketing_campaign_dp_bootstrap_6.xlsx,DP,1.0,0.8451912712727829
marketing_campaign_dp_bootstrap_7.xlsx,DP,1.0,0.8485793572752682
marketing_campaign_k_anonimizado_codificado_bootstrap_1.xlsx,K-Anonimizado,0.9857002715539792,0.818060025065213
marketing_campaign_k_anonimizado_codificado_bootstrap_2.xlsx,K-Anonimizado,0.9915524605759171,0.8783577299983933
marketing_campaign_k_anonimizado_codificado_bootstrap_3.xlsx,K-Anonimizado,0.9918926642008505,0.8431525704552728
marketing_campaign_k_anonimizado_codificado_bootstrap_4.xlsx,K-Anonimizado,0.9915872305820119,0.8486578283362333
marketing_campaign_k_anonimizado_codificado_bootstrap_5.xlsx,K-Anonimizado,0.9925271405942484,0.8484246669364982
marketing_campaign_k_anonimizado_codificado_bootstrap_6.xlsx,K-Anonimizado,0.9870399634335822,0.8432440736983338
marketing_campaign_k_anonimizado_codificado_bootstrap_7.xlsx,K-Anonimizado,0.9928845402212378,0.8616797055100218
marketing_campaign_l_diverso_codificado_bootstrap_1.xlsx,L-Diverso,0.9940740074237724,0.7711420970792314
marketing_campaign_l_diverso_codificado_bootstrap_2.xlsx,L-Diverso,0.9924538987186464,0.7893478237351592
marketing_campaign_l_diverso_codificado_bootstrap_3.xlsx,L-Diverso,0.9935352799754513,0.8328858023282587
marketing_campaign_l_diverso_codificado_bootstrap_4.xlsx,L-Diverso,0.997845283002221,0.8146478668087151
marketing_campaign_l_diverso_codificado_bootstrap_5.xlsx,L-Diverso,0.9962294839553211,0.7902920733953233
marketing_campaign_l_diverso_codificado_bootstrap_6.xlsx,L-Diverso,0.9956883425170957,0.8340371494796426
marketing_campaign_l_diverso_codificado_bootstrap_7.xlsx,L-Diverso,0.9962279154545884,0.7610191669482858
marketing_campaign_t_close_codificado_bootstrap_1.xlsx,T-Close,1.0,0.9031662406227342
marketing_campaign_t_close_codificado_bootstrap_2.xlsx,T-Close,1.0,0.9424418276671354
marketing_campaign_t_close_codificado_bootstrap_3.xlsx,T-Close,1.0,0.9346757838543039
marketing_campaign_t_close_codificado_bootstrap_4.xlsx,T-Close,1.0,0.9012174987472878
marketing_campaign_t_close_codificado_bootstrap_5.xlsx,T-Close,1.0,0.9324092063849792
marketing_campaign_t_close_codificado_bootstrap_6.xlsx,T-Close,1.0,0.9148307144172861
marketing_campaign_t_close_codificado_bootstrap_7.xlsx,T-Close,1.0,0.920098284155551
online_course_engagement_data_bootstrap_1.xlsx,Original,1.0,0.9438496658135286
online_course_engagement_data_bootstrap_2.xlsx,Original,1.0,0.9460652086146231
online_course_engagement_data_bootstrap_3.xlsx,Original,1.0,0.9484948869479947
online_course_engagement_data_bootstrap_4.xlsx,Original,1.0,0.9417688671344002
online_course_engagement_data_bootstrap_5.xlsx,Original,0.99994444276886,0.9494833577772782
online_course_engagement_data_bootstrap_6.xlsx,Original,1.0,0.9448563180085028
online_course_engagement_data_bootstrap_7.xlsx,Original,1.0,0.9459828196463145
online_course_engagement_data_dp_bootstrap_1.xlsx,DP,1.0,0.8243572196985764
online_course_engagement_data_dp_bootstrap_2.xlsx,DP,1.0,0.8191150491165111
online_course_engagement_data_dp_bootstrap_3.xlsx,DP,1.0,0.8229358808864182
online_course_engagement_data_dp_bootstrap_4.xlsx,DP,1.0,0.8203025389808097
online_course_engagement_data_dp_bootstrap_5.xlsx,DP,1.0,0.8177343282046501
online_course_engagement_data_dp_bootstrap_6.xlsx,DP,1.0,0.8224199013669571
online_course_engagement_data_dp_bootstrap_7.xlsx,DP,1.0,0.8203236474521507
online_course_engagement_data_k_anonimizado_codificado_bootstrap_1.xlsx,K-Anonimizado,0.9822345923642064,0.786808477643083
online_course_engagement_data_k_anonimizado_codificado_bootstrap_2.xlsx,K-Anonimizado,0.9798194693291482,0.798289883908794
online_course_engagement_data_k_anonimizado_codificado_bootstrap_3.xlsx,K-Anonimizado,0.9813283895780109,0.7795111499216667
online_course_engagement_data_k_anonimizado_codificado_bootstrap_4.xlsx,K-Anonimizado,0.9824288049001367,0.784887594197744
online_course_engagement_data_k_anonimizado_codificado_bootstrap_5.xlsx,K-Anonimizado,0.9813210191055697,0.7876600345430956
online_course_engagement_data_k_anonimizado_codificado_bootstrap_6.xlsx,K-Anonimizado,0.9780051754349479,0.7814168309143753
online_course_engagement_data_k_anonimizado_codificado_bootstrap_7.xlsx,K-Anonimizado,0.9807420273741201,0.7825165828743752
online_course_engagement_data_l_diverso_codificado_bootstrap_1.xlsx,L-Diverso,0.9854118587895273,0.8014034865398203
online_course_engagement_data_l_diverso_codificado_bootstrap_2.xlsx,L-Diverso,0.9836958689993287,0.7996046944685486
online_course_engagement_data_l_diverso_codificado_bootstrap_3.xlsx,L-Diverso,0.9806208672840853,0.81168083570643
online_course_engagement_data_l_diverso_codificado_bootstrap_4.xlsx,L-Diverso,0.9809061768248046,0.7997922878935022
online_course_engagement_data_l_diverso_codificado_bootstrap_5.xlsx,L-Diverso,0.98526903299886,0.8112874904488496
online_course_engagement_data_l_diverso_codificado_bootstrap_6.xlsx,L-Diverso,0.9837672540047361,0.8029028856686669
online_course_engagement_data_l_diverso_codificado_bootstrap_7.xlsx,L-Diverso,0.9834804219216069,0.7956735601998622
online_course_engagement_data_t_close_codificado_bootstrap_1.xlsx,T-Close,0.9637430666276954,0.8052527248715247
online_course_engagement_data_t_close_codificado_bootstrap_2.xlsx,T-Close,0.9573327501657541,0.8021461690190744
online_course_engagement_data_t_close_codificado_bootstrap_3.xlsx,T-Close,0.9601854134680557,0.7961920716889371
online_course_engagement_data_t_close_codificado_bootstrap_4.xlsx,T-Close,0.9652401628372909,0.817593475341349
online_course_engagement_data_t_close_codificado_bootstrap_5.xlsx,T-Close,0.9518900733046334,0.7893968550487583
online_course_engagement_data_t_close_codificado_bootstrap_6.xlsx,T-Close,0.9502505265085665,0.7794838140707918
online_course_engagement_data_t_close_codificado_bootstrap_7.xlsx,T-Close,0.9638757757498974,0.8131990568854801
online_retail_customer_churn_bootstrap_1.xlsx,Original,1.0,0.7999010004138285
online_retail_customer_churn_bootstrap_2.xlsx,Original,1.0,0.7864499035181926
online_retail_customer_churn_bootstrap_3.xlsx,Original,1.0,0.7813724780943891
online_retail_customer_churn_bootstrap_4.xlsx,Original,1.0,0.7808048709853403
online_retail_customer_churn_bootstrap_5.xlsx,Original,1.0,0.7769464214572135
online_retail_customer_churn_bootstrap_6.xlsx,Original,1.0,0.8047296818324028
online_retail_customer_churn_bootstrap_7.xlsx,Original,1.0,0.7880412224634608
online_retail_customer_churn_dp_bootstrap_1.xlsx,DP,1.0,0.7422808243927357
online_retail_customer_churn_dp_bootstrap_2.xlsx,DP,1.0,0.7752817653772983
online_retail_customer_churn_dp_bootstrap_3.xlsx,DP,1.0,0.768872695481531
online_retail_customer_churn_dp_bootstrap_4.xlsx,DP,1.0,0.7874321901947833
online_retail_customer_churn_dp_bootstrap_5.xlsx,DP,1.0,0.7542589253450372
online_retail_customer_churn_dp_bootstrap_6.xlsx,DP,1.0,0.7918401662729847
online_retail_customer_churn_dp_bootstrap_7.xlsx,DP,1.0,0.7603191162618893
online_retail_customer_churn_k_anonimizado_codificado_bootstrap_1.xlsx,K-Anonimizado,0.964279527193043,0.6446341787612301
online_retail_customer_churn_k_anonimizado_codificado_bootstrap_2.xlsx,K-Anonimizado,0.9792958202953944,0.6406766910584478
online_retail_customer_churn_k_anonimizado_codificado_bootstrap_3.xlsx,K-Anonimizado,0.9585821990439334,0.645465267359972
online_retail_customer_churn_k_anonimizado_codificado_bootstrap_4.xlsx,K-Anonimizado,0.9673612364761791,0.6775787771932273
online_retail_customer_churn_k_anonimizado_codificado_bootstrap_5.xlsx,K-Anonimizado,0.9585923276304567,0.5754425064826882
online_retail_customer_churn_k_anonimizado_codificado_bootstrap_6.xlsx,K-Anonimizado,0.9611658254483236,0.662193997873268
online_retail_customer_churn_k_anonimizado_codificado_bootstrap_7.xlsx,K-Anonimizado,0.9767055568711287,0.6420567711294004
online_retail_customer_churn_l_diverso_codificado_bootstrap_1.xlsx,L-Diverso,0.9634981760498256,0.6172718634580207
online_retail_customer_churn_l_diverso_codificado_bootstrap_2.xlsx,L-Diverso,0.9714936662480881,0.6509865045586987
online_retail_customer_churn_l_diverso_codificado_bootstrap_3.xlsx,L-Diverso,0.9714885915705193,0.6361280301122503
online_retail_customer_churn_l_diverso_codificado_bootstrap_4.xlsx,L-Diverso,0.9659984094438181,0.6425318523245942
online_retail_customer_churn_l_diverso_codificado_bootstrap_5.xlsx,L-Diverso,0.9664776342350387,0.6754457985485207
online_retail_customer_churn_l_diverso_codificado_bootstrap_6.xlsx,L-Diverso,0.9669923548413859,0.6236683981200953
online_retail_customer_churn_l_diverso_codificado_bootstrap_7.xlsx,L-Diverso,0.967484143648706,0.6393384601146292
online_retail_customer_churn_t_close_codificado_bootstrap_1.xlsx,T-Close,0.9551145185715617,0.6355647552449366
online_retail_customer_churn_t_close_codificado_bootstrap_2.xlsx,T-Close,0.968141597879651,0.6389882874754484
online_retail_customer_churn_t_close_codificado_bootstrap_3.xlsx,T-Close,0.9589647951107981,0.6234818082466018
online_retail_customer_churn_t_close_codificado_bootstrap_4.xlsx,T-Close,0.9657351084120993,0.5956679611235145
online_retail_customer_churn_t_close_codificado_bootstrap_5.xlsx,T-Close,0.9690924023891997,0.5958108711149998
online_retail_customer_churn_t_close_codificado_bootstrap_6.xlsx,T-Close,0.9599531483969004,0.619536231189004
online_retail_customer_churn_t_close_codificado_bootstrap_7.xlsx,T-Close,0.9744163832695705,0.6284568528154736
plant_growth_data_bootstrap_1.xlsx,Original,1.0,0.8657497873302077
plant_growth_data_bootstrap_2.xlsx,Original,1.0,0.8143810129462862
plant_growth_data_bootstrap_3.xlsx,Original,1.0,0.8130017738215812
plant_growth_data_bootstrap_4.xlsx,Original,1.0,0.8381103022447942
plant_growth_data_bootstrap_5.xlsx,Original,1.0,0.8323034778373677
plant_growth_data_bootstrap_6.xlsx,Original,1.0,0.8139229244235663
plant_growth_data_bootstrap_7.xlsx,Original,1.0,0.8449611387993929
plant_growth_data_dp_bootstrap_1.xlsx,DP,1.0,0.7866660033991468
plant_growth_data_dp_bootstrap_2.xlsx,DP,1.0,0.8124116095686966
plant_growth_data_dp_bootstrap_3.xlsx,DP,1.0,0.7588069190902597
plant_growth_data_dp_bootstrap_4.xlsx,DP,1.0,0.7205325087597978
plant_growth_data_dp_bootstrap_5.xlsx,DP,1.0,0.7330250047341834
plant_growth_data_dp_bootstrap_6.xlsx,DP,1.0,0.7358749865538747
plant_growth_data_dp_bootstrap_7.xlsx,DP,1.0,0.8227023563597917
plant_growth_data_k_anonimizado_codificado_bootstrap_1.xlsx,K-Anonimizado,0.9597422328358389,0.590282266752855
plant_growth_data_k_anonimizado_codificado_bootstrap_2.xlsx,K-Anonimizado,0.916670053058534,0.6165175863008681
plant_growth_data_k_anonimizado_codificado_bootstrap_3.xlsx,K-Anonimizado,0.9224439324567622,0.6816938387462683
plant_growth_data_k_anonimizado_codificado_bootstrap_4.xlsx,K-Anonimizado,0.9625694315794144,0.6874994613229907
plant_growth_data_k_anonimizado_codificado_bootstrap_5.xlsx,K-Anonimizado,0.9325386639593871,0.7110676136637459
plant_growth_data_k_anonimizado_codificado_bootstrap_6.xlsx,K-Anonimizado,0.9683477218044683,0.6450807980401465
plant_growth_data_k_anonimizado_codificado_bootstrap_7.xlsx,K-Anonimizado,0.945369112227145,0.7113930343597863
plant_growth_data_l_diverso_codificado_bootstrap_1.xlsx,L-Diverso,0.9564200616695295,0.6854396171424033
plant_growth_data_l_diverso_codificado_bootstrap_2.xlsx,L-Diverso,0.9302030539010708,0.6013275939746527
plant_growth_data_l_diverso_codificado_bootstrap_3.xlsx,L-Diverso,0.9562731942630259,0.6292425806048096
plant_growth_data_l_diverso_codificado_bootstrap_4.xlsx,L-Diverso,0.944738378288631,0.6794938830232947
plant_growth_data_l_diverso_codificado_bootstrap_5.xlsx,L-Diverso,0.953507727792462,0.6007904573552709
plant_growth_data_l_diverso_codificado_bootstrap_6.xlsx,L-Diverso,0.9592803261553492,0.658580045984138
plant_growth_data_l_diverso_codificado_bootstrap_7.xlsx,L-Diverso,0.9796161411939991,0.7455570076414066
plant_growth_data_t_close_codificado_bootstrap_1.xlsx,T-Close,0.938685206009251,0.5634281404869641
plant_growth_data_t_close_codificado_bootstrap_2.xlsx,T-Close,0.9766147451040528,0.6118598829865487
plant_growth_data_t_close_codificado_bootstrap_3.xlsx,T-Close,0.9709513713978936,0.7127461633653583
plant_growth_data_t_close_codificado_bootstrap_4.xlsx,T-Close,0.9592311647583456,0.55859378839255
plant_growth_data_t_close_codificado_bootstrap_5.xlsx,T-Close,0.965107619859538,0.6557638439991381
plant_growth_data_t_close_codificado_bootstrap_6.xlsx,T-Close,0.9679157665511637,0.7068019201300935
plant_growth_data_t_close_codificado_bootstrap_7.xlsx,T-Close,0.9681070459137094,0.6616426057602528
predictive_maintenance_bootstrap_1.xlsx,Original,1.0,0.9997003342392267
predictive_maintenance_bootstrap_2.xlsx,Original,1.0,0.9987990130079811
predictive_maintenance_bootstrap_3.xlsx,Original,1.0,0.9992991488455505
predictive_maintenance_bootstrap_4.xlsx,Original,1.0,0.9992049528483251
predictive_maintenance_bootstrap_5.xlsx,Original,1.0,0.9993002432528018
predictive_maintenance_bootstrap_6.xlsx,Original,1.0,0.9995003467622172
predictive_maintenance_bootstrap_7.xlsx,Original,1.0,0.9992996684105065
predictive_maintenance_dp_bootstrap_1.xlsx,DP,1.0,0.8681201037548304
predictive_maintenance_dp_bootstrap_2.xlsx,DP,1.0,0.8665058323328576
predictive_maintenance_dp_bootstrap_3.xlsx,DP,1.0,0.8715704409864975
predictive_maintenance_dp_bootstrap_4.xlsx,DP,1.0,0.8708710409253657
predictive_maintenance_dp_bootstrap_5.xlsx,DP,1.0,0.8660048733002366
predictive_maintenance_dp_bootstrap_6.xlsx,DP,1.0,0.8671980856846195
predictive_maintenance_dp_bootstrap_7.xlsx,DP,1.0,0.8635665371156955
predictive_maintenance_k_anonimizado_codificado_bootstrap_1.xlsx,K-Anonimizado,1.0,0.994388963180047
predictive_maintenance_k_anonimizado_codificado_bootstrap_2.xlsx,K-Anonimizado,1.0,0.9937826852379013
predictive_maintenance_k_anonimizado_codificado_bootstrap_3.xlsx,K-Anonimizado,1.0,0.9950990233303566
predictive_maintenance_k_anonimizado_codificado_bootstrap_4.xlsx,K-Anonimizado,1.0,0.9944175802942606
predictive_maintenance_k_anonimizado_codificado_bootstrap_5.xlsx,K-Anonimizado,0.9997349020908434,0.9933257944250793
predictive_maintenance_k_anonimizado_codificado_bootstrap_6.xlsx,K-Anonimizado,1.0,0.9933171145560744
predictive_maintenance_k_anonimizado_codificado_bootstrap_7.xlsx,K-Anonimizado,1.0,0.9947269458840768
predictive_maintenance_l_diverso_codificado_bootstrap_1.xlsx,L-Diverso,0.9970746293021655,0.9562324629473693
predictive_maintenance_l_diverso_codificado_bootstrap_2.xlsx,L-Diverso,0.9970774323946546,0.9445030865114585
predictive_maintenance_l_diverso_codificado_bootstrap_3.xlsx,L-Diverso,0.9970748264872842,0.9677737182902515
predictive_maintenance_l_diverso_codificado_bootstrap_4.xlsx,L-Diverso,0.9970745331000144,0.9589407340229729
predictive_maintenance_l_diverso_codificado_bootstrap_5.xlsx,L-Diverso,1.0,0.9416483625215373
predictive_maintenance_l_diverso_codificado_bootstrap_6.xlsx,L-Diverso,0.9875693529257379,0.9442908547378177
predictive_maintenance_l_diverso_codificado_bootstrap_7.xlsx,L-Diverso,0.997807700898759,0.9501664832079367
predictive_maintenance_t_close_codificado_bootstrap_1.xlsx,T-Close,1.0,0.9954440699806998
predictive_maintenance_t_close_codificado_bootstrap_2.xlsx,T-Close,1.0,0.9951052345816084
predictive_maintenance_t_close_codificado_bootstrap_3.xlsx,T-Close,1.0,0.9946192079247382
predictive_maintenance_t_close_codificado_bootstrap_4.xlsx,T-Close,1.0,0.9924859648257188
predictive_maintenance_t_close_codificado_bootstrap_5.xlsx,T-Close,1.0,0.9942512218275132
predictive_maintenance_t_close_codificado_bootstrap_6.xlsx,T-Close,1.0,0.9932491620819508
predictive_maintenance_t_close_codificado_bootstrap_7.xlsx,T-Close,1.0,0.9927089347672604
recruitment_data_bootstrap_1.xlsx,Original,1.0,0.9615332004543029
recruitment_data_bootstrap_2.xlsx,Original,1.0,0.9631153054621425
recruitment_data_bootstrap_3.xlsx,Original,1.0,0.965682942820225
recruitment_data_bootstrap_4.xlsx,Original,1.0,0.9535128264859013
recruitment_data_bootstrap_5.xlsx,Original,1.0,0.9585760342027102
recruitment_data_bootstrap_6.xlsx,Original,0.9998332777671749,0.9697589959344546
recruitment_data_bootstrap_7.xlsx,Original,1.0,0.9676294416467914
recruitment_data_dp_bootstrap_1.xlsx,DP,1.0,0.803153747359359
recruitment_data_dp_bootstrap_2.xlsx,DP,1.0,0.8024307825849496
recruitment_data_dp_bootstrap_3.xlsx,DP,1.0,0.7975240184811637
recruitment_data_dp_bootstrap_4.xlsx,DP,1.0,0.8265862627500349
recruitment_data_dp_bootstrap_5.xlsx,DP,1.0,0.806136400217102
recruitment_data_dp_bootstrap_6.xlsx,DP,1.0,0.785882981088528
recruitment_data_dp_bootstrap_7.xlsx,DP,1.0,0.8176544449460114
recruitment_data_k_anonimizado_codificado_bootstrap_1.xlsx,K-Anonimizado,0.9881765170142123,0.7638001813099518
recruitment_data_k_anonimizado_codificado_bootstrap_2.xlsx,K-Anonimizado,0.9716624046508994,0.7331637235856862
recruitment_data_k_anonimizado_codificado_bootstrap_3.xlsx,K-Anonimizado,0.9797345198403569,0.7942220400567556
recruitment_data_k_anonimizado_codificado_bootstrap_4.xlsx,K-Anonimizado,0.9771790760037258,0.7625447975520983
recruitment_data_k_anonimizado_codificado_bootstrap_5.xlsx,K-Anonimizado,0.9696186197423255,0.7615939091180367
recruitment_data_k_anonimizado_codificado_bootstrap_6.xlsx,K-Anonimizado,0.9716895006650264,0.7523610800901699
recruitment_data_k_anonimizado_codificado_bootstrap_7.xlsx,K-Anonimizado,0.9809993534568717,0.7674176412358649
recruitment_data_l_diverso_codificado_bootstrap_1.xlsx,L-Diverso,0.9800610413099312,0.7812758645797921
recruitment_data_l_diverso_codificado_bootstrap_2.xlsx,L-Diverso,0.9927530192144498,0.7752894608313612
recruitment_data_l_diverso_codificado_bootstrap_3.xlsx,L-Diverso,0.9864110375615066,0.7643749355773499
recruitment_data_l_diverso_codificado_bootstrap_4.xlsx,L-Diverso,0.9900372550923784,0.7827046145575064
recruitment_data_l_diverso_codificado_bootstrap_5.xlsx,L-Diverso,0.9864133753601324,0.7264273663532032
recruitment_data_l_diverso_codificado_bootstrap_6.xlsx,L-Diverso,0.9972842206569019,0.7719298798819083
recruitment_data_l_diverso_codificado_bootstrap_7.xlsx,L-Diverso,0.9818780543182237,0.7550748702880382
recruitment_data_t_close_codificado_bootstrap_1.xlsx,T-Close,0.9427224831933895,0.7868276119761701
recruitment_data_t_close_codificado_bootstrap_2.xlsx,T-Close,0.9473121379674445,0.820764664939605
recruitment_data_t_close_codificado_bootstrap_3.xlsx,T-Close,0.9339469845214114,0.7795179619986138
recruitment_data_t_close_codificado_bootstrap_4.xlsx,T-Close,0.9318506733459794,0.7820074600113764
recruitment_data_t_close_codificado_bootstrap_5.xlsx,T-Close,0.9314881011372271,0.7913299485214391
recruitment_data_t_close_codificado_bootstrap_6.xlsx,T-Close,0.9419100965837863,0.7973938027862844
recruitment_data_t_close_codificado_bootstrap_7.xlsx,T-Close,0.957351149273034,0.8425204657775074
smoking_bootstrap_1.xlsx,Original,0.9999955110357254,0.9146832320270508
smoking_bootstrap_2.xlsx,Original,1.0,0.9142576149034267
smoking_bootstrap_3.xlsx,Original,0.9999865330524921,0.9143216079091177
smoking_bootstrap_4.xlsx,Original,0.9999955110367982,0.9111737944455627
smoking_bootstrap_5.xlsx,Original,1.0,0.9140439884673291
smoking_bootstrap_6.xlsx,Original,0.9999865330096507,0.9123813349494766
smoking_bootstrap_7.xlsx,Original,1.0,0.9128342840663478
smoking_dp_bootstrap_1.xlsx,DP,1.0,0.819732378442726
smoking_dp_bootstrap_2.xlsx,DP,1.0,0.8210093527173079
smoking_dp_bootstrap_3.xlsx,DP,1.0,0.8187743580484554
smoking_dp_bootstrap_4.xlsx,DP,1.0,0.8163961124499999
smoking_dp_bootstrap_5.xlsx,DP,1.0,0.821131663052318
smoking_dp_bootstrap_6.xlsx,DP,1.0,0.8216611193547296
smoking_dp_bootstrap_7.xlsx,DP,1.0,0.8202975502801573
smoking_k_anonimizado_codificado_bootstrap_1.xlsx,K-Anonimizado,0.9832258829135524,0.7641040541211703
smoking_k_anonimizado_codificado_bootstrap_2.xlsx,K-Anonimizado,0.9807560239636984,0.7551346063209469
smoking_k_anonimizado_codificado_bootstrap_3.xlsx,K-Anonimizado,0.9820505301792695,0.7570128614146195
smoking_k_anonimizado_codificado_bootstrap_4.xlsx,K-Anonimizado,0.9826915221564938,0.7601052130996362
smoking_k_anonimizado_codificado_bootstrap_5.xlsx,K-Anonimizado,0.9831688098811279,0.7604623905406835
smoking_k_anonimizado_codificado_bootstrap_6.xlsx,K-Anonimizado,0.9831219599049386,0.7550215880422713
smoking_k_anonimizado_codificado_bootstrap_7.xlsx,K-Anonimizado,0.9824161227233977,0.7675964603330689
smoking_l_diverso_codificado_bootstrap_1.xlsx,L-Diverso,0.9807228599347549,0.691195950289407
smoking_l_diverso_codificado_bootstrap_2.xlsx,L-Diverso,0.9814286267817136,0.6939047569720157
smoking_l_diverso_codificado_bootstrap_3.xlsx,L-Diverso,0.9805426967197658,0.6844816609111087
smoking_l_diverso_codificado_bootstrap_4.xlsx,L-Diverso,0.9802874046791805,0.6820763176962796
smoking_l_diverso_codificado_bootstrap_5.xlsx,L-Diverso,0.9801374994076253,0.6846602761857533
smoking_l_diverso_codificado_bootstrap_6.xlsx,L-Diverso,0.9796120408522071,0.6790450676916964
smoking_l_diverso_codificado_bootstrap_7.xlsx,L-Diverso,0.9797920451689158,0.6804854658739231
smoking_t_close_codificado_bootstrap_1.xlsx,T-Close,0.9497975237241952,0.7034667258375287
smoking_t_close_codificado_bootstrap_2.xlsx,T-Close,0.9484981617434991,0.7121217893432829
smoking_t_close_codificado_bootstrap_3.xlsx,T-Close,0.9477124072650241,0.7095470581133504
smoking_t_close_codificado_bootstrap_4.xlsx,T-Close,0.9479575503703025,0.7226251295220829
smoking_t_close_codificado_bootstrap_5.xlsx,T-Close,0.9431403808008711,0.7160729978793242
smoking_t_close_codificado_bootstrap_6.xlsx,T-Close,0.945479763827629,0.7100104477428192
smoking_t_close_codificado_bootstrap_7.xlsx,T-Close,0.9434162382950992,0.7116594544969316
Student_Depression_Dataset_bootstrap_1.xlsx,Original,1.0,0.9289947105366559
Student_Depression_Dataset_bootstrap_2.xlsx,Original,0.9999910385539283,0.9264737641267912
Student_Depression_Dataset_bootstrap_3.xlsx,Original,0.9999910389544902,0.9271389154324423
Student_Depression_Dataset_bootstrap_4.xlsx,Original,0.9999910389569575,0.927030861179834
Student_Depression_Dataset_bootstrap_5.xlsx,Original,1.0,0.9277498215105199
Student_Depression_Dataset_bootstrap_6.xlsx,Original,1.0,0.9255073170439287
Student_Depression_Dataset_bootstrap_7.xlsx,Original,1.0,0.9295083291558864
Student_Depression_Dataset_dp_bootstrap_1.xlsx,DP,1.0,0.8171851930346135
Student_Depression_Dataset_dp_bootstrap_2.xlsx,DP,1.0,0.8156344397612438
Student_Depression_Dataset_dp_bootstrap_3.xlsx,DP,1.0,0.8153971974586254
Student_Depression_Dataset_dp_bootstrap_4.xlsx,DP,1.0,0.8156214690148756
Student_Depression_Dataset_dp_bootstrap_5.xlsx,DP,1.0,0.8125241307914411
Student_Depression_Dataset_dp_bootstrap_6.xlsx,DP,1.0,0.8166174743747436
Student_Depression_Dataset_dp_bootstrap_7.xlsx,DP,1.0,0.8107036325000008
Student_Depression_Dataset_k_anonimizado_codificado_bootstrap_1.xlsx,K-Anonimizado,0.9874458091378013,0.8410875062001925
Student_Depression_Dataset_k_anonimizado_codificado_bootstrap_2.xlsx,K-Anonimizado,0.9876667186476924,0.8433249906767146
Student_Depression_Dataset_k_anonimizado_codificado_bootstrap_3.xlsx,K-Anonimizado,0.9875785717156018,0.8486462192490236
Student_Depression_Dataset_k_anonimizado_codificado_bootstrap_4.xlsx,K-Anonimizado,0.9855072854728787,0.8356968934062603
Student_Depression_Dataset_k_anonimizado_codificado_bootstrap_5.xlsx,K-Anonimizado,0.9867571427339765,0.8386101106164251
Student_Depression_Dataset_k_anonimizado_codificado_bootstrap_6.xlsx,K-Anonimizado,0.9864872410973051,0.8413339053225437
Student_Depression_Dataset_k_anonimizado_codificado_bootstrap_7.xlsx,K-Anonimizado,0.9872887214377112,0.8429081226251313
Student_Depression_Dataset_l_diverso_codificado_bootstrap_1.xlsx,L-Diverso,0.9854565641594564,0.8431248558201944
Student_Depression_Dataset_l_diverso_codificado_bootstrap_2.xlsx,L-Diverso,0.9874202822760625,0.8532542090494244
Student_Depression_Dataset_l_diverso_codificado_bootstrap_3.xlsx,L-Diverso,0.9840046227596868,0.8549413748238462
Student_Depression_Dataset_l_diverso_codificado_bootstrap_4.xlsx,L-Diverso,0.9888717883401051,0.8436841911610415
Student_Depression_Dataset_l_diverso_codificado_bootstrap_5.xlsx,L-Diverso,0.9862535990585558,0.8530129766667714
Student_Depression_Dataset_l_diverso_codificado_bootstrap_6.xlsx,L-Diverso,0.985200272272834,0.8469444554223818
Student_Depression_Dataset_l_diverso_codificado_bootstrap_7.xlsx,L-Diverso,0.985428020476582,0.8554297419503918
Student_Depression_Dataset_t_close_codificado_bootstrap_1.xlsx,T-Close,0.967660130671059,0.7524044205833123
Student_Depression_Dataset_t_close_codificado_bootstrap_2.xlsx,T-Close,0.9688245685460819,0.7483339666524021
Student_Depression_Dataset_t_close_codificado_bootstrap_3.xlsx,T-Close,0.9718521733991154,0.7627824610453849
Student_Depression_Dataset_t_close_codificado_bootstrap_4.xlsx,T-Close,0.968911971904421,0.755104609748737
Student_Depression_Dataset_t_close_codificado_bootstrap_5.xlsx,T-Close,0.9640697328023874,0.7612839756555986
Student_Depression_Dataset_t_close_codificado_bootstrap_6.xlsx,T-Close,0.9660161645566469,0.74391892240919
Student_Depression_Dataset_t_close_codificado_bootstrap_7.xlsx,T-Close,0.9638970446226487,0.754645838348666
telco_customer_churn_bootstrap_1.xlsx,Original,0.9982606823450748,0.9034289033291131
telco_customer_churn_bootstrap_2.xlsx,Original,0.9980835222344295,0.9016373108617213
telco_customer_churn_bootstrap_3.xlsx,Original,0.9979766114704882,0.9007683225236173
telco_customer_churn_bootstrap_4.xlsx,Original,0.9984024615173437,0.9004839919482208
telco_customer_churn_bootstrap_5.xlsx,Original,0.9988638692714094,0.9067338930790771
telco_customer_churn_bootstrap_6.xlsx,Original,0.9980481466830635,0.8976141259581685
telco_customer_churn_bootstrap_7.xlsx,Original,0.9989349402869875,0.9028730987040167
telco_customer_churn_dp_bootstrap_1.xlsx,DP,1.0,0.8259267110411177
telco_customer_churn_dp_bootstrap_2.xlsx,DP,1.0,0.8259759413129626
telco_customer_churn_dp_bootstrap_3.xlsx,DP,1.0,0.8360453587123148
telco_customer_churn_dp_bootstrap_4.xlsx,DP,1.0,0.8386020240705372
telco_customer_churn_dp_bootstrap_5.xlsx,DP,1.0,0.8328279773511766
telco_customer_churn_dp_bootstrap_6.xlsx,DP,1.0,0.8314534037360278
telco_customer_churn_dp_bootstrap_7.xlsx,DP,1.0,0.83617567263036
telco_customer_churn_k_anonimizado_codificado_bootstrap_1.xlsx,K-Anonimizado,0.9868243150497766,0.8555678359022185
telco_customer_churn_k_anonimizado_codificado_bootstrap_2.xlsx,K-Anonimizado,0.9846798739145306,0.8541951898159009
telco_customer_churn_k_anonimizado_codificado_bootstrap_3.xlsx,K-Anonimizado,0.9820557908132489,0.8501105316554272
telco_customer_churn_k_anonimizado_codificado_bootstrap_4.xlsx,K-Anonimizado,0.9880662870019489,0.8722300734074665
telco_customer_churn_k_anonimizado_codificado_bootstrap_5.xlsx,K-Anonimizado,0.9861140440305072,0.8621582439757203
telco_customer_churn_k_anonimizado_codificado_bootstrap_6.xlsx,K-Anonimizado,0.9873677571465109,0.8699530838773146
telco_customer_churn_k_anonimizado_codificado_bootstrap_7.xlsx,K-Anonimizado,0.9886778445462985,0.8671521796616648
telco_customer_churn_l_diverso_codificado_bootstrap_1.xlsx,L-Diverso,0.987106344803833,0.8466184301233378
telco_customer_churn_l_diverso_codificado_bootstrap_2.xlsx,L-Diverso,0.9866153803179823,0.8432942853888935
telco_customer_churn_l_diverso_codificado_bootstrap_3.xlsx,L-Diverso,0.9857561653635066,0.8495556366851164
telco_customer_churn_l_diverso_codificado_bootstrap_4.xlsx,L-Diverso,0.9852651111266113,0.8221369244919845
telco_customer_churn_l_diverso_codificado_bootstrap_5.xlsx,L-Diverso,0.9841591601520812,0.8310251463715875
telco_customer_churn_l_diverso_codificado_bootstrap_6.xlsx,L-Diverso,0.9842823427594449,0.8124118536284156
telco_customer_churn_l_diverso_codificado_bootstrap_7.xlsx,L-Diverso,0.9807217126455423,0.8118177754435763
telco_customer_churn_t_close_codificado_bootstrap_1.xlsx,T-Close,1.0,0.872450058644389
telco_customer_churn_t_close_codificado_bootstrap_2.xlsx,T-Close,1.0,0.8849335999167238
telco_customer_churn_t_close_codificado_bootstrap_3.xlsx,T-Close,1.0,0.88360674559002
telco_customer_churn_t_close_codificado_bootstrap_4.xlsx,T-Close,1.0,0.8686788256174818
telco_customer_churn_t_close_codificado_bootstrap_5.xlsx,T-Close,1.0,0.8858622834552461
telco_customer_churn_t_close_codificado_bootstrap_6.xlsx,T-Close,1.0,0.9005416523703748
telco_customer_churn_t_close_codificado_bootstrap_7.xlsx,T-Close,1.0,0.8747144403782215
Term_Deposit_Prediction_bootstrap_1.xlsx,Original,0.9999841998141095,0.9527928470298115
Term_Deposit_Prediction_bootstrap_2.xlsx,Original,0.9999920998888516,0.9543908659577365
Term_Deposit_Prediction_bootstrap_3.xlsx,Original,0.9999841998140017,0.9536730622142097
Term_Deposit_Prediction_bootstrap_4.xlsx,Original,1.0,0.9536230880918204
Term_Deposit_Prediction_bootstrap_5.xlsx,Original,1.0,0.9525548921397273
Term_Deposit_Prediction_bootstrap_6.xlsx,Original,0.9999920995780002,0.9531930720637627
Term_Deposit_Prediction_bootstrap_7.xlsx,Original,1.0,0.9515652557773404
Term_Deposit_Prediction_dp_bootstrap_1.xlsx,DP,1.0,0.8518570053999781
Term_Deposit_Prediction_dp_bootstrap_2.xlsx,DP,1.0,0.8531158995268109
Term_Deposit_Prediction_dp_bootstrap_3.xlsx,DP,0.9999921000333778,0.8500397118280582
Term_Deposit_Prediction_dp_bootstrap_4.xlsx,DP,1.0,0.8516288335151284
Term_Deposit_Prediction_dp_bootstrap_5.xlsx,DP,1.0,0.8505050037509772
Term_Deposit_Prediction_dp_bootstrap_6.xlsx,DP,1.0,0.8498862916275673
Term_Deposit_Prediction_dp_bootstrap_7.xlsx,DP,1.0,0.8538314316090043
Term_Deposit_Prediction_k_anonimizado_codificado_bootstrap_1.xlsx,K-Anonimizado,0.9923131104263007,0.9319171947131277
Term_Deposit_Prediction_k_anonimizado_codificado_bootstrap_2.xlsx,K-Anonimizado,0.9934278033577391,0.9279430183513349
Term_Deposit_Prediction_k_anonimizado_codificado_bootstrap_3.xlsx,K-Anonimizado,0.9917306797365464,0.9276915296174412
Term_Deposit_Prediction_k_anonimizado_codificado_bootstrap_4.xlsx,K-Anonimizado,0.9923113032215879,0.9278026004482559
Term_Deposit_Prediction_k_anonimizado_codificado_bootstrap_5.xlsx,K-Anonimizado,0.9923873630359348,0.9336085684668125
Term_Deposit_Prediction_k_anonimizado_codificado_bootstrap_6.xlsx,K-Anonimizado,0.9916998606458403,0.9269852503212912
Term_Deposit_Prediction_k_anonimizado_codificado_bootstrap_7.xlsx,K-Anonimizado,0.9904216736332587,0.9292011309639611
Term_Deposit_Prediction_l_diverso_codificado_bootstrap_1.xlsx,L-Diverso,0.9872694681831412,0.9075538779200573
Term_Deposit_Prediction_l_diverso_codificado_bootstrap_2.xlsx,L-Diverso,0.9897603946554134,0.9009333893650556
Term_Deposit_Prediction_l_diverso_codificado_bootstrap_3.xlsx,L-Diverso,0.9891604383514998,0.9009229613374383
Term_Deposit_Prediction_l_diverso_codificado_bootstrap_4.xlsx,L-Diverso,0.9895291709674812,0.8989049768982461
Term_Deposit_Prediction_l_diverso_codificado_bootstrap_5.xlsx,L-Diverso,0.9900368608988284,0.9024026241836054
Term_Deposit_Prediction_l_diverso_codificado_bootstrap_6.xlsx,L-Diverso,0.9893451123749137,0.9024049281848191
Term_Deposit_Prediction_l_diverso_codificado_bootstrap_7.xlsx,L-Diverso,0.9920664219089523,0.905529036280776
Term_Deposit_Prediction_t_close_codificado_bootstrap_1.xlsx,T-Close,1.0,0.979928879850118
Term_Deposit_Prediction_t_close_codificado_bootstrap_2.xlsx,T-Close,1.0,0.9824856789428973
Term_Deposit_Prediction_t_close_codificado_bootstrap_3.xlsx,T-Close,1.0,0.9809111104189071
Term_Deposit_Prediction_t_close_codificado_bootstrap_4.xlsx,T-Close,1.0,0.9802619833735623
Term_Deposit_Prediction_t_close_codificado_bootstrap_5.xlsx,T-Close,1.0,0.9775936923639102
Term_Deposit_Prediction_t_close_codificado_bootstrap_6.xlsx,T-Close,1.0,0.9826640690675255
Term_Deposit_Prediction_t_close_codificado_bootstrap_7.xlsx,T-Close,1.0,0.9813371153388519
TravelInsurancePrediction_bootstrap_1.xlsx,Original,0.9408976956751616,0.8563321916353516
TravelInsurancePrediction_bootstrap_2.xlsx,Original,0.950997599569291,0.8705763520702181
TravelInsurancePrediction_bootstrap_3.xlsx,Original,0.9386670663002634,0.8500269071124592
TravelInsurancePrediction_bootstrap_4.xlsx,Original,0.9404630903393638,0.8645413105419854
TravelInsurancePrediction_bootstrap_5.xlsx,Original,0.9435589212757975,0.8621952836900609
TravelInsurancePrediction_bootstrap_6.xlsx,Original,0.946325232074632,0.862974949758045
TravelInsurancePrediction_bootstrap_7.xlsx,Original,0.9342158798008857,0.8518680927816307
TravelInsurancePrediction_dp_bootstrap_1.xlsx,DP,1.0,0.833761028692293
TravelInsurancePrediction_dp_bootstrap_2.xlsx,DP,1.0,0.7951782957947806
TravelInsurancePrediction_dp_bootstrap_3.xlsx,DP,1.0,0.8037122350742598
TravelInsurancePrediction_dp_bootstrap_4.xlsx,DP,1.0,0.8179281555021218
TravelInsurancePrediction_dp_bootstrap_5.xlsx,DP,1.0,0.815385974305698
TravelInsurancePrediction_dp_bootstrap_6.xlsx,DP,1.0,0.8075047922093948
TravelInsurancePrediction_dp_bootstrap_7.xlsx,DP,1.0,0.8085810025532203
TravelInsurancePrediction_k_anonimizado_codificado_bootstrap_1.xlsx,K-Anonimizado,0.9895823284254993,0.8575098059914105
TravelInsurancePrediction_k_anonimizado_codificado_bootstrap_2.xlsx,K-Anonimizado,0.980960733705702,0.8356784086694928
TravelInsurancePrediction_k_anonimizado_codificado_bootstrap_3.xlsx,K-Anonimizado,0.9866979649796894,0.8435180769337421
TravelInsurancePrediction_k_anonimizado_codificado_bootstrap_4.xlsx,K-Anonimizado,0.9859975721259009,0.8532360005338114
TravelInsurancePrediction_k_anonimizado_codificado_bootstrap_5.xlsx,K-Anonimizado,0.9820337789317769,0.8071634682758084
TravelInsurancePrediction_k_anonimizado_codificado_bootstrap_6.xlsx,K-Anonimizado,0.980228027830854,0.8325648781230128
TravelInsurancePrediction_k_anonimizado_codificado_bootstrap_7.xlsx,K-Anonimizado,0.9928159735159688,0.8407356779591886
TravelInsurancePrediction_l_diverso_codificado_bootstrap_1.xlsx,L-Diverso,0.9861600784636027,0.8248714545090998
TravelInsurancePrediction_l_diverso_codificado_bootstrap_2.xlsx,L-Diverso,0.988755542649764,0.811089276927075
TravelInsurancePrediction_l_diverso_codificado_bootstrap_3.xlsx,L-Diverso,0.9904841162234452,0.8439646345554266
TravelInsurancePrediction_l_diverso_codificado_bootstrap_4.xlsx,L-Diverso,0.9844345322119559,0.8147675819299438
TravelInsurancePrediction_l_diverso_codificado_bootstrap_5.xlsx,L-Diverso,0.9805439033820107,0.8324515272838378
TravelInsurancePrediction_l_diverso_codificado_bootstrap_6.xlsx,L-Diverso,0.9770785039989397,0.8061056759202014
TravelInsurancePrediction_l_diverso_codificado_bootstrap_7.xlsx,L-Diverso,0.9783710362042385,0.8213375885524188
TravelInsurancePrediction_t_close_codificado_bootstrap_1.xlsx,T-Close,0.976852092540982,0.7078856552814625
TravelInsurancePrediction_t_close_codificado_bootstrap_2.xlsx,T-Close,0.9657538510830548,0.6572787644494432
TravelInsurancePrediction_t_close_codificado_bootstrap_3.xlsx,T-Close,0.9740662967906248,0.7419234250947795
TravelInsurancePrediction_t_close_codificado_bootstrap_4.xlsx,T-Close,0.9592807064521862,0.6711480261419188
TravelInsurancePrediction_t_close_codificado_bootstrap_5.xlsx,T-Close,0.9629209281655037,0.6970260041701615
TravelInsurancePrediction_t_close_codificado_bootstrap_6.xlsx,T-Close,0.9786984988382563,0.6958336391000381
TravelInsurancePrediction_t_close_codificado_bootstrap_7.xlsx,T-Close,0.9861105743424584,0.7670401517680367
